City_ID,City,Lat,Lng,Max Temp,Humidity,Cloudiness,Wind Speed,Country,Date
0,Port-aux-Français,-49.35,70.2167,1.12,67,99,16.8,TF,1696973510
1,Vorgashor,67.5833,63.95,1.3,81,100,5.75,RU,1696973510
2,Parham,17.0968,-61.7705,28.83,74,20,3.09,AG,1696973511
3,Talnakh,69.4865,88.3972,2.34,96,100,4.84,RU,1696973511
4,Saint Croix,17.7397,-64.7388,30.25,76,0,5.66,VI,1696973511
5,Puerto Natales,-51.7236,-72.4875,4.98,77,52,5.51,CL,1696973511
6,Iqaluit,63.7506,-68.5145,0.85,80,100,1.54,CA,1696973512
7,Likasi,-10.9814,26.7333,22.63,31,18,1.33,CD,1696973512
8,Necoclí,8.4234,-76.786,29.04,79,94,2.74,CO,1696973512
9,Puerto San José,13.9256,-90.8244,28.98,77,94,3.33,GT,1696973513
10,Bredasdorp,-34.5322,20.0403,15.1,84,56,4.47,ZA,1696973513
11,Lüderitz,-26.6481,15.1594,14.66,88,13,2.37,NA,1696973513
12,Adamstown,-25.066,-130.1015,20.27,67,98,6.42,PN,1696973513
13,Bubaque,11.2833,-15.8333,27.54,79,99,4.45,GW,1696973514
14,Port Lincoln,-34.7333,135.8667,19.82,42,2,6.56,AU,1696973514
15,Onega,63.9061,38.1404,0.42,81,33,3.58,RU,1696973514
16,Yabēlo,4.8833,38.0833,17.85,70,98,4.21,ET,1696973514
17,Ushuaia,-54.8,-68.3,2.81,75,75,6.17,AR,1696973342
18,Esim,4.8699,-2.2405,25.09,92,67,3.51,GH,1696973515
19,Edinburgh of the Seven Seas,-37.0676,-12.3116,13.9,95,100,6.62,SH,1696973381
20,Lompoc,34.6391,-120.4579,27.1,69,20,9.77,US,1696973516
21,St. John's,47.5649,-52.7093,12.1,98,100,6.17,CA,1696973239
22,Grytviken,-54.2811,-36.5092,1.13,98,100,3.58,GS,1696973516
23,Lata,40.1629,-8.3327,21.62,50,1,0.84,PT,1696973517
24,Anadyr,64.75,177.4833,-0.72,74,75,4.0,RU,1696973517
25,Marshalltown,42.0494,-92.908,18.04,39,0,4.63,US,1696973453
26,Jamestown,42.097,-79.2353,12.23,48,100,6.17,US,1696973439
27,West Island,-12.1568,96.8225,25.99,73,100,7.2,CC,1696973518
28,Porkhov,57.765,29.5561,2.57,85,86,3.19,RU,1696973518
29,Saipan,15.1355,145.701,27.39,94,100,9.26,MP,1696973518
30,Pacasmayo,-7.4006,-79.5714,20.61,79,73,6.43,PE,1696973519
31,Fale old settlement,-9.3852,-171.2468,27.79,81,59,5.27,TK,1696973519
32,São Vicente,-23.9631,-46.3919,22.37,59,100,2.06,BR,1696973519
33,Avarua,-21.2078,-159.775,24.03,69,20,3.6,CK,1696973520
34,Longyearbyen,78.2186,15.6401,-8.09,67,20,3.6,SJ,1696973520
35,Barillas,15.8036,-91.3158,21.48,93,99,0.19,GT,1696973520
36,Cabo San Lucas,22.8909,-109.9124,31.61,80,75,4.47,MX,1696973132
37,Thompson,55.7435,-97.8558,11.09,54,20,2.06,CA,1696973521
38,Tôlanaro,-25.0319,46.9987,24.04,88,40,4.12,MG,1696973521
39,Champerico,14.3,-91.9167,33.3,76,66,2.26,GT,1696973521
40,Vila Velha,-20.3297,-40.2925,23.3,87,100,4.02,BR,1696973522
41,Skikda,36.8762,6.9092,22.34,67,4,2.38,DZ,1696973522
42,Pathanāmthitta,9.2667,76.7833,24.07,95,100,0.84,IN,1696973523
43,Puerto Ayora,-0.7393,-90.3518,30.98,89,50,4.02,EC,1696973523
44,Bilibino,68.0546,166.4372,-16.69,96,86,1.51,RU,1696973523
45,Krasnogvardeyskoye,45.8456,41.5186,10.58,64,100,2.21,RU,1696973527
46,Hamlin,43.3031,-77.9211,12.91,80,100,2.68,US,1696973527
47,Prince Rupert,54.3161,-130.3201,13.05,84,100,5.66,CA,1696973527
48,Arvayheer,46.2639,102.775,3.35,63,100,1.22,MN,1696973528
49,Lebu,-37.6167,-73.65,10.61,66,50,8.5,CL,1696973528
50,Iskateley,67.6803,53.1512,1.12,76,57,4.02,RU,1696973324
51,Ilulissat,69.2167,-51.1,-2.99,93,100,0.0,GL,1696973528
52,Hawaiian Paradise Park,19.5933,-154.9731,26.6,81,100,3.6,US,1696973529
53,Petropavlovsk-Kamchatskiy,53.0452,158.6483,2.47,89,40,4.92,RU,1696973529
54,Verkhnevilyuysk,63.4453,120.3167,7.75,74,100,3.58,RU,1696973529
55,Badger,64.8,-147.5333,-1.07,89,100,3.6,US,1696973530
56,Zakamensk,50.3741,103.2863,3.37,84,2,0.81,RU,1696973530
57,Lorengau,-2.0226,147.2712,28.34,81,83,5.29,PG,1696973530
58,Lingdong,46.5669,131.1453,5.59,66,0,2.88,CN,1696973531
59,Bethel,41.3712,-73.414,17.2,65,40,2.57,US,1696973531
60,Ust-Nera,64.5667,143.2,-7.1,96,100,1.79,RU,1696973531
61,Nemuro,43.3236,145.575,12.5,68,24,10.2,JP,1696973532
62,Olonkinbyen,70.9221,-8.7187,3.49,76,100,16.92,SJ,1696973532
63,Macas,-2.3167,-78.1167,23.86,83,75,2.06,EC,1696973532
64,Holualoa,19.6228,-155.9522,28.08,72,0,4.12,US,1696973532
65,Blackmans Bay,-43.0167,147.3167,10.41,75,63,1.54,AU,1696973533
66,Lihue,21.9789,-159.3672,28.58,66,20,4.63,US,1696973533
67,Laghouat,33.8,2.8651,20.93,38,17,3.07,DZ,1696973533
68,Waitangi,-43.9535,-176.5597,9.9,67,79,3.58,NZ,1696973534
69,Chaman,30.9236,66.4512,18.06,14,0,1.65,PK,1696973534
70,Naryan-Mar,67.6713,53.087,1.17,76,54,4.02,RU,1696973534
71,Simrishamn,55.5565,14.3504,15.08,93,100,9.87,SE,1696973535
72,Finisterra,42.9049,-9.2629,16.68,60,23,0.95,ES,1696973535
73,Kenai,60.5544,-151.2583,6.19,71,100,2.06,US,1696973535
74,Makassar,-5.14,119.4221,23.03,78,20,1.03,ID,1696973217
75,Polyarny,69.1989,33.4478,-0.76,85,11,2.62,RU,1696973536
76,Nuuk,64.1835,-51.7216,1.34,75,100,5.14,GL,1696973536
77,Invercargill,-46.4,168.35,8.34,74,76,2.68,NZ,1696973536
78,Saint Paul Harbor,57.79,-152.4072,6.73,39,0,5.14,US,1696973537
79,Albany,42.6001,-73.9662,15.37,62,100,1.57,US,1696973401
80,Carauari,-4.8828,-66.8958,33.6,34,82,0.74,BR,1696973538
81,Newport,51.5877,-2.9984,16.73,89,100,6.8,GB,1696973510
82,Sājir,25.1825,44.5996,26.78,16,0,4.51,SA,1696973538
83,Trairi,-3.2778,-39.2689,25.91,76,0,5.99,BR,1696973507
84,Poirino,44.9208,7.8469,21.08,75,60,1.54,IT,1696973539
85,Mrkonjić Grad,44.4158,17.0861,13.2,90,66,1.45,BA,1696973539
86,Sur,22.5667,59.5289,28.69,60,0,4.08,OM,1696973539
87,Omutninsk,58.67,52.1932,3.32,97,100,1.19,RU,1696973540
88,Hermanus,-34.4187,19.2345,14.54,89,7,4.68,ZA,1696973540
89,Taroa,8.7058,171.2275,28.16,78,95,6.8,MH,1696973540
90,Belyy Yar,53.6039,91.3903,2.94,100,56,0.0,RU,1696973541
91,Surab,28.4914,66.2585,16.78,22,0,2.95,PK,1696973541
92,Ugoofaaru,5.6667,73.0,27.29,79,97,4.45,MV,1696973541
93,Diano Marina,43.9103,8.0793,22.24,92,40,1.08,IT,1696973542
94,Isafjordur,66.0755,-23.124,1.69,93,100,13.45,IS,1696973542
95,Kourou,5.1552,-52.6478,30.03,75,0,4.25,GF,1696973542
96,Enewetak,11.3474,162.3373,28.87,75,85,7.31,MH,1696973543
97,Gobabis,-22.45,18.9667,23.11,16,100,2.05,NA,1696973543
98,Tiksi,71.6872,128.8694,-12.8,99,64,0.96,RU,1696973543
99,Benguela,-12.5763,13.4055,23.09,85,91,1.57,AO,1696973543
100,Kainantu,-6.2887,145.8655,19.6,85,31,0.87,PG,1696973544
101,Mauá,-23.6678,-46.4614,19.89,90,84,3.78,BR,1696973513
102,George Town,5.4112,100.3354,26.68,94,40,1.54,MY,1696973413
103,Papatowai,-46.5619,169.4708,9.37,53,78,6.97,NZ,1696973545
104,Heilbron,-27.2812,27.9709,19.26,56,94,2.47,ZA,1696973545
105,Kayangel,8.0823,134.7173,28.03,82,100,11.53,PW,1696973545
106,Jianshui,23.6363,102.8264,14.35,96,90,1.38,CN,1696973546
107,New Norfolk,-42.7826,147.0587,11.07,62,90,1.28,AU,1696973547
108,Palikir,6.9248,158.1611,28.47,84,40,4.12,FM,1696973547
109,Wailua Homesteads,22.0669,-159.378,28.24,73,20,4.63,US,1696973548
110,Danville,36.586,-79.395,24.05,48,0,4.63,US,1696973369
111,Karungdong,5.8844,121.263,26.24,83,100,2.8,PH,1696973548
112,San Patricio,28.017,-97.5169,22.69,88,100,3.24,US,1696973549
113,Cologne,50.9333,6.95,21.05,72,0,3.6,DE,1696973549
114,Fortaleza,-3.7227,-38.5247,27.34,78,40,5.66,BR,1696973549
115,Vilyuchinsk,52.9306,158.4028,3.29,70,13,3.48,RU,1696973550
116,Isabela,6.7085,121.9711,24.03,88,100,2.9,PH,1696973550
117,Severo-Yeniseyskiy,60.3725,93.0408,8.1,92,100,3.58,RU,1696973551
118,Old Orchard Beach,43.5173,-70.3775,13.63,78,100,5.66,US,1696973552
119,Mulanje,-16.0316,35.5,23.33,51,5,1.81,MW,1696973552
120,Anandpur,31.25,76.5,20.47,48,0,2.47,IN,1696973552
121,El Bolsón,-41.9667,-71.5167,7.93,69,39,2.15,AR,1696973553
122,College,64.8569,-147.8028,-1.03,89,100,3.6,US,1696973553
123,Torghay,49.6339,63.4981,6.83,57,31,3.87,KZ,1696973553
124,Arkhangelsk,64.5401,40.5433,0.07,91,19,2.64,RU,1696973352
125,Tame,6.461,-71.73,25.74,83,99,1.28,CO,1696973554
126,Tralee,52.2704,-9.7026,14.9,95,100,2.59,IE,1696973554
127,Natal,-5.795,-35.2094,26.36,83,40,4.63,BR,1696973444
128,Tarawa,1.419,172.984,31.05,74,75,2.06,KI,1696973555
129,Huanren,41.2647,125.3667,7.08,72,20,0.76,CN,1696973555
130,Tiquipaya,-17.3382,-66.2189,30.4,22,20,4.63,BO,1696973556
131,Chamdo,31.1667,97.2333,-0.21,81,65,2.42,CN,1696973556
132,Dudinka,69.4058,86.1778,4.82,90,100,6.71,RU,1696973556
133,Ancud,-41.8697,-73.8203,9.31,56,81,4.27,CL,1696973556
134,Brisas de Zicatela,15.8369,-97.0419,31.29,48,20,1.54,MX,1696973557
135,Exu,-7.5119,-39.7242,26.87,28,15,1.75,BR,1696973557
136,Brak,27.5496,14.2714,25.07,31,86,6.35,LY,1696973557
137,Saint-Philippe,-21.3585,55.7679,21.77,67,52,1.26,RE,1696973558
138,Mörön,49.6342,100.1625,4.49,67,7,0.17,MN,1696973558
139,Sanming,26.2486,117.6186,18.57,96,100,1.15,CN,1696973558
140,Beira,-19.8436,34.8389,24.2,81,76,4.69,MZ,1696973559
141,Ribeira Grande,38.5167,-28.7,21.54,86,67,8.49,PT,1696973560
142,Ulety,51.3572,112.4849,4.9,91,72,1.42,RU,1696973561
143,Utrik,11.2278,169.8474,28.03,71,94,6.86,MH,1696973561
144,Nizhny Tagil,57.9194,59.965,4.57,94,100,2.3,RU,1696973475
145,São Felipe,-14.8167,-41.3833,28.35,38,4,2.82,BR,1696973561
146,Aktau,43.65,51.2,11.32,56,100,4.08,KZ,1696973562
147,Alice Springs,-23.7,133.8833,8.75,31,0,2.57,AU,1696973562
148,Island Harbour,50.724,-1.2758,16.63,91,73,3.13,GB,1696973562
149,Barra de Santo Antônio,-9.4047,-35.5072,25.6,81,67,3.3,BR,1696973563
150,Carahue,-38.7,-73.1667,9.7,64,28,3.38,CL,1696973563
151,Bismarck,46.8083,-100.7837,16.47,47,0,4.12,US,1696973563
152,La Bañeza,42.3003,-5.8977,21.31,36,38,1.36,ES,1696973564
153,Misratah,32.3754,15.0925,23.94,65,0,2.72,LY,1696973564
154,Indramayu,-6.3264,108.32,25.73,68,24,3.53,ID,1696973564
155,Kargasok,59.0556,80.8572,11.65,77,100,4.02,RU,1696973565
156,Spearfish,44.4908,-103.8594,23.4,36,0,6.17,US,1696973565
157,Oneonta,42.4529,-75.0638,12.94,61,100,1.51,US,1696973565
158,Bokoro,12.3807,17.0568,32.24,33,95,3.32,TD,1696973566
159,Whitehorse,60.7161,-135.0538,9.43,59,75,4.63,CA,1696973566
160,Hammerfest,70.6634,23.6821,-2.75,80,20,1.54,NO,1696973567
161,Saddiqabad,28.3062,70.1307,25.39,14,0,3.4,PK,1696973567
162,Qaqortoq,60.7167,-46.0333,4.98,61,100,1.98,GL,1696973567
163,Codrington,-38.2667,141.9667,14.92,58,5,5.2,AU,1696973568
164,Dhidhdhoo,6.8833,73.1,27.68,75,100,2.9,MV,1696973568
165,Stanley,54.868,-1.6985,17.09,83,40,6.17,GB,1696973568
166,Cidreira,-30.1811,-50.2056,18.26,86,0,10.37,BR,1696973569
167,Jaisalmer,26.9147,70.9181,27.12,67,0,4.8,IN,1696973569
168,Machico,32.7,-16.7667,26.67,48,20,1.03,PT,1696973569
169,Puerto Deseado,-47.7503,-65.8938,5.81,49,81,8.69,AR,1696973570
170,Mandaguaçu,-23.3472,-52.0953,29.78,37,0,3.6,BR,1696973570
171,Rancho Palos Verdes,33.7445,-118.387,26.34,75,40,4.63,US,1696973469
172,Louisville,38.2542,-85.7594,20.59,36,0,5.14,US,1696973427
173,Darłowo,54.421,16.4107,12.53,89,100,7.22,PL,1696973571
174,Gao,16.6362,1.637,31.37,13,2,5.15,ML,1696973572
175,Zima,53.9202,102.0442,6.33,82,5,2.84,RU,1696973572
176,Aasiaat,68.7098,-52.8699,-1.8,96,100,4.59,GL,1696973572
177,Tindouf,27.6711,-8.1474,27.25,21,0,2.06,DZ,1696973573
178,Punta Arenas,-53.15,-70.9167,5.06,70,75,9.77,CL,1696973420
179,San Andrés,12.5847,-81.7006,31.01,74,40,3.09,CO,1696973309
180,Amlapura,-8.45,115.6167,23.38,86,44,1.71,ID,1696973573
181,Teguise,29.0605,-13.564,22.12,64,0,2.06,ES,1696973574
182,Boende,-0.2167,20.8667,20.59,99,99,0.68,CD,1696973574
183,Bad Frankenhausen,51.35,11.1,18.17,67,90,0.45,DE,1696973574
184,Susuman,62.7833,148.1667,-15.01,98,85,0.27,RU,1696973575
185,Flying Fish Cove,-10.4217,105.6791,24.82,94,100,3.09,CX,1696973575
186,Peterhead,57.5058,-1.7981,14.22,80,100,10.78,GB,1696973563
187,Katsuura,35.1333,140.3,18.9,73,55,5.84,JP,1696973576
188,Malindi,-3.2175,40.1191,25.23,83,11,5.52,KE,1696973368
189,Lā‘ie,21.6477,-157.9253,30.98,63,91,3.58,US,1696973576
190,Sabang,5.8933,95.3214,27.29,76,98,3.14,ID,1696973576
191,Coquimbo,-29.9533,-71.3436,15.85,72,20,5.66,CL,1696973209
192,Rawson,-43.3002,-65.1023,7.44,51,52,9.9,AR,1696973577
193,Killarney,52.05,-9.5167,15.34,94,100,1.88,IE,1696973577
194,Katima Mulilo,-17.5,24.2667,28.37,18,4,4.7,NA,1696973577
195,Aoulef,26.9667,1.0833,28.54,16,77,8.2,DZ,1696973578
196,Illizi,26.4833,8.4667,24.89,25,2,6.96,DZ,1696973578
197,Mogoytuy,51.2833,114.9167,4.35,84,6,2.04,RU,1696973578
198,Touros,-5.1989,-35.4608,25.77,75,64,6.96,BR,1696973345
199,Kyren,51.6828,102.1408,7.75,75,0,0.89,RU,1696973579
200,Trashi Yangtse,27.6116,91.498,13.71,93,54,1.73,BT,1696973579
201,Zelenoborskiy,66.845,32.3622,-3.52,69,44,1.44,RU,1696973579
202,Mangochi,-14.4782,35.2645,26.35,41,1,1.22,MW,1696973580
203,Shimoda,34.6667,138.95,19.82,68,98,6.0,JP,1696973580
204,Stephenville,32.2207,-98.2023,26.8,53,100,5.14,US,1696973429
205,Keta,5.9179,0.9879,27.12,85,44,3.8,GH,1696973581
206,East London,-33.0153,27.9116,17.77,89,100,6.72,ZA,1696973581
207,Port-Vila,-17.7338,168.3219,23.78,69,75,5.14,VU,1696973541
208,Sungai Udang,2.269,102.1427,24.93,94,20,0.0,MY,1696973446
209,Yellowknife,62.456,-114.3525,14.67,75,40,5.14,CA,1696973454
210,Ketchikan,55.3422,-131.6461,14.26,67,40,5.66,US,1696973582
211,Kirensk,57.7853,108.1119,7.23,94,100,2.24,RU,1696973582
212,Garachiko,28.7781,-17.7646,28.05,73,0,0.51,ES,1696973583
213,Cavalaire-sur-Mer,43.174,6.5272,18.9,77,2,3.32,FR,1696973583
214,Port Mathurin,-19.6833,63.4167,23.29,77,55,6.33,MU,1696973583
215,Gandajika,-6.75,23.95,19.49,91,100,1.79,CD,1696973584
216,Izberbash,42.5696,47.8645,13.03,79,100,0.64,RU,1696973584
217,Pisco,-13.7,-76.2167,22.03,68,0,8.75,PE,1696973585
218,Waldmünchen,49.3786,12.7042,15.18,95,54,2.22,DE,1696973585
219,Margaret River,-33.95,115.0667,13.08,59,53,5.95,AU,1696973585
220,Alofi,-19.0595,-169.9187,24.94,61,75,6.69,NU,1696973586
221,Bojnourd,37.4747,57.329,12.97,76,0,1.03,IR,1696973586
222,Praia da Vitória,38.7333,-27.0667,22.14,73,20,9.14,PT,1696973586
223,Jamaame,0.0697,42.745,25.63,76,49,5.01,SO,1696973587
224,Suva,-18.1416,178.4415,24.71,61,75,4.12,FJ,1696973587
225,Carnarvon,-24.8667,113.6333,18.94,63,4,11.45,AU,1696973588
226,Diffa,13.3154,12.6113,31.92,25,32,3.44,NE,1696973588
227,Tual,-5.6667,132.75,26.21,80,82,7.74,ID,1696973588
228,Rāzole,16.4833,81.8333,24.69,88,0,1.04,IN,1696973589
229,Inhambane,-23.865,35.3833,22.52,77,52,5.04,MZ,1696973589
230,North Bend,43.4065,-124.2243,19.4,88,100,6.17,US,1696973589
231,Margate,51.3813,1.3862,16.04,85,100,1.79,GB,1696973475
232,Tionk Essil,12.7856,-16.5217,27.98,86,100,0.97,SN,1696973590
233,Camocim,-2.9022,-40.8411,26.35,78,0,6.95,BR,1696973591
234,Makarska,43.2969,17.0178,21.89,60,59,2.5,HR,1696973591
235,Chernyshevskiy,63.0128,112.4714,8.27,88,100,5.78,RU,1696973591
236,Buala,-8.145,159.5921,28.58,80,99,3.76,SB,1696973591
237,Turpan,42.9333,89.1667,21.32,25,100,1.37,CN,1696973592
238,Lodja,-3.4833,23.4333,19.87,100,98,0.34,CD,1696973592
239,Westhill,57.1526,-2.2797,12.69,82,75,4.12,GB,1696973593
240,Poso,-1.3959,120.7524,25.41,72,55,2.73,ID,1696973593
241,Bereket,39.2446,55.5154,16.26,32,66,6.26,TM,1696973593
242,Port Alfred,-33.5906,26.891,16.77,96,100,2.24,ZA,1696973594
243,San Julián,21.0167,-102.1667,15.96,77,74,4.36,MX,1696973594
244,Chebba,35.2372,11.115,23.57,72,0,3.56,TN,1696973594
245,Tura,25.5198,90.2201,21.52,89,1,1.14,IN,1696973595
246,Atafu Village,-8.5421,-172.5159,28.79,75,87,4.46,TK,1696973595
247,Okhotsk,59.3833,143.3,2.29,91,100,2.57,RU,1696973596
248,Rongelap,11.1635,166.8941,28.37,70,87,6.43,MH,1696973596
249,Saint Paul,44.9444,-93.0933,15.78,39,0,3.6,US,1696973439
250,Amga,60.8953,131.9608,2.77,98,100,3.13,RU,1696973597
251,Selfoss,63.9331,-20.9971,3.91,78,16,14.75,IS,1696973597
252,Kulhudhuffushi,6.6221,73.07,27.48,77,95,3.27,MV,1696973598
253,Kalmunai,7.4167,81.8167,25.16,88,79,5.1,LK,1696973598
254,Mahibadhoo,3.7833,72.9667,28.18,75,94,6.57,MV,1696973598
255,Mil’kovo,55.6078,37.7956,0.75,86,53,3.62,RU,1696973598
256,La Santisima Trinidad,-14.8333,-64.9,36.99,39,20,5.14,BO,1696973599
257,Nafada,11.0956,11.3327,29.43,32,15,0.65,NG,1696973599
258,Markovo,57.3206,107.0881,6.01,93,100,2.11,RU,1696973599
259,Nadi,-17.8,177.4167,25.0,57,40,4.63,FJ,1696973600
260,Colonia Menno,-22.3667,-59.8167,38.89,23,16,7.75,PY,1696973600
261,Dongying,37.4564,118.4856,14.89,71,3,1.66,CN,1696973600
262,Eforie Sud,44.0229,28.6494,8.45,45,18,4.13,RO,1696973601
263,Kruisfontein,-34.0033,24.7314,15.49,94,99,2.49,ZA,1696973601
264,Byron Bay,-28.65,153.6167,21.17,60,24,1.34,AU,1696973477
265,Kristinestad,62.2743,21.376,5.05,79,100,9.53,FI,1696973601
266,Sinabang,2.4803,96.3801,25.28,88,99,2.81,ID,1696973602
267,Hola,51.5377,23.1902,3.1,61,30,3.29,PL,1696973602
268,Lumut,4.2323,100.6298,25.01,94,20,0.0,MY,1696973602
269,Elkins,38.9259,-79.8467,16.27,60,0,4.12,US,1696973473
270,Nema,57.5067,50.5011,3.76,96,100,2.37,RU,1696973603
271,Kapaa,22.0752,-159.319,28.99,73,20,4.63,US,1696973603
272,Andergrove,-21.0833,149.1833,21.47,70,9,5.64,AU,1696973604
273,Fada,9.5667,8.3,21.42,93,54,0.59,NG,1696973604
274,São Paulo de Olivença,-3.3783,-68.8725,29.59,59,79,0.94,BR,1696973604
275,Hithadhoo,-0.6,73.0833,27.36,75,98,7.44,MV,1696973605
276,Fort Drum,44.0584,-75.7619,11.33,71,100,6.17,US,1696973605
277,Klyuchi,52.2667,79.1667,15.14,53,100,5.64,RU,1696973605
278,Dunedin,-45.8742,170.5036,11.56,46,19,2.24,NZ,1696973606
279,Usinsk,65.9939,57.5281,2.26,76,100,10.73,RU,1696973606
280,Hasaki,35.7333,140.8333,14.05,56,79,9.97,JP,1696973606
281,Sosnovo-Ozerskoye,52.5249,111.5418,3.67,83,88,1.74,RU,1696973607
282,Lobujya,27.95,86.8167,-6.23,76,17,1.41,NP,1696973607
283,Crane,31.3974,-102.3501,28.78,33,67,3.93,US,1696973607
284,New Plymouth,-39.0667,174.0833,11.29,65,97,5.5,NZ,1696973321
285,Hadibu,12.65,54.0333,26.59,83,76,2.21,YE,1696973608
286,Acaraú,-2.8856,-40.12,26.11,79,0,8.66,BR,1696973608
287,Turan,16.0678,108.2208,24.99,94,75,0.51,VN,1696973608
288,Bonthe,7.5264,-12.505,25.81,88,98,2.6,SL,1696973609
289,Ahmetli,38.5196,27.9387,15.7,67,3,0.93,TR,1696973609
290,Magadan,59.5667,150.8,-1.21,87,100,2.68,RU,1696973609
291,Sechura,-5.5569,-80.8222,25.89,59,45,7.03,PE,1696973610
292,Freetown,8.484,-13.2299,25.83,87,100,3.12,SL,1696973610
293,Mount Gambier,-37.8333,140.7667,14.01,41,4,4.83,AU,1696973610
294,Tazovsky,67.4667,78.7,1.91,97,100,9.71,RU,1696973611
295,Gebeit,21.0667,36.3167,27.3,41,0,0.93,SD,1696973611
296,Warman,52.3168,-106.5679,20.61,40,75,8.23,CA,1696973434
297,Luganville,-15.5333,167.1667,25.1,72,99,5.62,VU,1696973612
298,Beneditinos,-5.45,-42.3667,32.34,27,11,1.54,BR,1696973612
299,Ålesund,62.4723,6.1549,13.51,88,75,11.83,NO,1696973612
300,Agat Village,13.3886,144.6585,28.53,84,0,5.14,GU,1696973613
301,Guadarrama,40.6727,-4.0895,21.64,47,0,0.95,ES,1696973613
302,Bozoum,6.3193,16.3799,20.31,96,84,1.44,CF,1696973613
303,Kapuskasing,49.4169,-82.4331,6.05,81,100,2.57,CA,1696973613
304,Daejeon,36.3333,127.4167,9.97,79,47,1.54,KR,1696973418
305,Hongseong,36.6009,126.665,13.44,78,74,1.67,KR,1696973614
306,Sirte,31.2089,16.5887,23.16,65,0,2.32,LY,1696973614
307,Dawson Creek,55.7666,-120.2362,14.8,63,75,1.03,CA,1696973615
308,Chesma,53.8111,60.6533,2.58,86,71,4.3,RU,1696973615
309,Chake Chake,-5.2459,39.7666,23.91,86,5,2.91,TZ,1696973615
310,Dingwall,57.5953,-4.4272,10.04,78,68,6.6,GB,1696973615
311,Ormara,25.2088,64.6357,27.03,86,4,3.67,PK,1696973616
312,Vorkuta,67.5,64.0,1.37,82,100,5.63,RU,1696973616
313,Aykhal,66.0,111.5,5.59,92,100,13.41,RU,1696973616
314,Ryōtsu-minato,38.0833,138.4333,17.26,65,67,4.42,JP,1696973617
315,Port Elizabeth,-33.918,25.5701,17.16,96,100,6.17,ZA,1696973617
316,Mossamedes,-15.1961,12.1522,19.37,86,98,0.59,AO,1696973617
317,Tanūmah,27.1,44.1333,27.38,15,0,5.59,SA,1696973618
318,Hilo,19.7297,-155.09,26.72,84,100,3.6,US,1696973618
319,Constanța,44.1833,28.65,8.38,46,24,4.2,RO,1696973618
320,Williams Lake,52.1415,-122.1445,15.59,41,75,6.17,CA,1696973408
321,Swift Current,50.2834,-107.8014,24.45,29,0,10.8,CA,1696973398
322,Happy Valley-Goose Bay,53.3168,-60.3315,10.17,93,100,3.09,CA,1696973412
323,Norrtälje,59.758,18.705,10.01,90,100,7.01,SE,1696973620
324,Keflavik,64.0049,-22.5624,4.24,65,75,13.89,IS,1696973434
325,Steamboat Springs,40.485,-106.8317,19.31,21,75,6.17,US,1696973620
326,Caleta de Carquín,-11.0925,-77.6267,20.58,78,32,6.3,PE,1696973621
327,Huicungo,-7.2833,-76.8,31.96,45,22,1.27,PE,1696973621
328,Akureyri,65.6835,-18.0878,1.96,87,75,13.89,IS,1696973621
329,Flin Flon,54.7682,-101.865,12.91,58,0,3.6,CA,1696973621
330,Kavaratti,10.5669,72.642,27.84,62,83,2.1,IN,1696973622
331,Tosontsengel,48.7567,98.2839,0.77,92,7,1.06,MN,1696973622
332,Sydney Mines,46.2367,-60.2177,14.0,94,75,5.14,CA,1696973622
333,Ust'-Kut,56.7938,105.7672,5.8,93,45,2.24,RU,1696973623
334,San Vicente de Cañete,-13.0751,-76.3835,19.93,78,41,3.88,PE,1696973623
335,Kargil,34.5667,76.1,3.67,56,1,1.69,IN,1696973623
336,Camaná,-16.6228,-72.7111,19.26,80,90,4.13,PE,1696973623
337,Molchanovo,57.5817,83.7692,13.88,67,100,4.65,RU,1696973624
338,Puerto Gaitán,4.3133,-72.0816,26.11,85,98,0.72,CO,1696973596
339,Gadzhiyevo,69.2551,33.3362,-1.0,85,13,2.61,RU,1696973624
340,Beau Vallon,-20.4189,57.6953,21.79,88,40,1.54,MU,1696973624
341,Mount Pearl,47.5166,-52.7813,11.64,98,100,6.17,CA,1696973625
342,Pingliang,35.5392,106.6861,10.69,84,100,0.94,CN,1696973625
343,Corner Brook,48.9667,-57.9484,13.09,94,100,4.53,CA,1696973609
344,Sandnessjøen,66.0217,12.6316,8.06,76,100,4.63,NO,1696973626
345,La Passe,45.5549,-0.8967,18.13,73,0,0.91,FR,1696973626
346,La Trinité,14.7376,-60.9629,30.03,70,20,4.63,MQ,1696973626
347,Kiunga,-6.1219,141.2906,23.49,98,99,1.32,PG,1696973627
348,Suomussalmi,64.8869,28.9078,0.22,97,100,2.47,FI,1696973627
349,Callao,-12.0667,-77.15,21.16,68,75,3.09,PE,1696973627
350,Saldanha,-33.0117,17.9442,15.77,77,0,3.28,ZA,1696973628
351,Viveiro,43.6623,-7.5934,20.88,55,31,1.87,ES,1696973628
352,Erekli,40.97,27.9553,14.05,76,0,5.14,TR,1696973628
353,Bikenibeu Village,1.3673,173.1241,30.98,74,75,2.06,KI,1696973628
354,Iquitos,-3.7481,-73.2472,27.02,69,75,4.63,PE,1696973501
355,Tucupita,9.0622,-62.051,28.88,68,52,2.3,VE,1696973629
356,Inarajan Village,13.2736,144.7484,28.55,90,100,10.83,GU,1696973629
357,Acajutla,13.5928,-89.8275,28.76,78,96,4.13,SV,1696973630
358,Mutsu,41.2894,141.2169,13.55,69,0,2.64,JP,1696973630
359,Gilgit,35.9221,74.3087,15.65,43,0,2.07,PK,1696973465
360,Vadsø,70.0744,29.7487,-0.91,74,20,4.63,NO,1696973630
361,Baruun-Urt,46.6806,113.2792,5.25,57,64,2.17,MN,1696973631
362,Tara,56.8944,74.371,9.43,80,100,3.58,RU,1696973631
363,Diamantino,-14.4086,-56.4461,31.14,51,63,2.07,BR,1696973531
364,Ola,59.5833,151.2833,-0.88,68,99,1.96,RU,1696973631
365,Sīwah,29.2041,25.5195,23.57,41,0,2.0,EG,1696973632
366,Ak’ordat,15.5486,37.8867,29.29,35,0,2.75,ER,1696973632
367,Penhalonga,-18.8911,32.6978,14.59,91,12,2.14,ZW,1696973633
368,Ulladulla,-35.35,150.4667,14.87,85,39,2.32,AU,1696973336
369,Porto Santo Stefano,42.4338,11.1237,20.79,74,38,4.82,IT,1696973633
370,Weno,7.4515,151.8468,27.97,89,75,2.57,FM,1696973633
371,Plettenberg Bay,-34.0527,23.3716,14.63,88,0,3.13,ZA,1696973634
372,Khovd,48.0056,91.6419,6.7,58,0,0.86,MN,1696973418
373,Arraial do Cabo,-22.9661,-42.0278,22.98,83,40,3.6,BR,1696973634
374,Gangtok,27.3333,88.6167,14.37,93,75,0.94,IN,1696973635
375,Hamilton,39.1834,-84.5333,18.66,35,0,5.14,US,1696973635
376,Nhamundá,-2.1861,-56.7131,33.73,29,29,1.4,BR,1696973635
377,Santa Terezinha,-29.9002,-50.0904,18.25,89,4,9.29,BR,1696973635
378,Moyale,3.5167,39.0584,22.89,59,61,1.66,KE,1696973636
379,Tsiombe,-25.3,45.4833,20.85,89,92,5.1,MG,1696973636
380,Vernon,50.2581,-119.2691,17.2,61,100,3.6,CA,1696973637
381,Laguna,38.421,-121.4238,23.94,45,75,6.17,US,1696973502
382,Leshan,29.5623,103.7639,16.57,96,100,0.77,CN,1696973637
383,Eureka,40.8021,-124.1637,16.48,87,100,2.24,US,1696973637
384,Kidal,18.4411,1.4078,31.1,14,55,3.24,ML,1696973638
385,Ust'-Ilimsk,58.0006,102.6619,8.58,90,58,2.68,RU,1696973638
386,Morro do Chapéu,-11.55,-41.1561,22.68,40,2,3.12,BR,1696973638
387,Key West,24.5557,-81.7826,30.0,76,75,3.6,US,1696973639
388,Mogocha,53.7333,119.7667,4.86,81,8,0.89,RU,1696973639
389,Nouadhibou,20.931,-17.0347,24.99,88,58,4.63,MR,1696973640
390,Sauðarkrokur,65.7461,-19.6394,1.99,99,100,13.38,IS,1696973640
391,Chibougamau,49.9168,-74.3659,7.79,81,75,3.6,CA,1696973641
392,Port Saint John's,-31.6229,29.5448,19.13,94,100,5.46,ZA,1696973642
393,Crucecita,-28.95,-58.9833,25.74,43,0,3.6,AR,1696973642
394,Arrondissement de Saint-Denis,48.9167,2.3333,21.19,60,0,2.57,FR,1696973642
395,Mana,5.6592,-53.7767,27.38,77,0,4.65,GF,1696973643
396,Kailua-Kona,19.6406,-155.9956,30.15,72,0,4.12,US,1696973643
397,Merizo Village,13.2658,144.6691,28.32,90,100,11.06,GU,1696973644
398,El Aïoun,34.5832,-2.5061,19.43,83,1,1.85,MA,1696973644
399,San Antonio Oeste,-40.7319,-64.9477,10.75,54,100,10.01,AR,1696973644
400,El Charco,2.4769,-78.1105,26.96,87,98,3.16,CO,1696973644
401,Srpska Crnja,45.7233,20.6886,14.02,66,18,1.15,RS,1696973645
402,Puerto Aisén,-45.4,-72.7,6.09,93,99,1.51,CL,1696973645
403,Rūdbār,30.15,62.6,25.18,16,0,1.75,AF,1696973645
404,Dalandzadgad,43.5708,104.425,7.79,32,96,1.59,MN,1696973646
405,Homer,59.6425,-151.5483,3.94,83,100,6.17,US,1696973646
406,Wuyang,31.9925,116.2472,14.52,78,0,1.48,CN,1696973646
407,Kirakira,-10.4544,161.9205,27.84,82,83,5.17,SB,1696973647
408,Alo,7.4178,6.7371,25.12,91,97,1.18,NG,1696973647
409,Genhe,50.7833,121.5167,3.44,74,6,0.3,CN,1696973647
410,Labytnangi,66.6572,66.4183,1.2,87,91,3.5,RU,1696973647
411,Cuamba,-14.8031,36.5372,24.86,40,12,1.96,MZ,1696973648
412,Horta,38.5333,-28.6333,21.12,86,68,8.49,PT,1696973648
413,Nizhnesortymskiy,62.4397,71.7603,3.41,85,91,5.55,RU,1696973649
414,Khanty-Mansiysk,61.0042,69.0019,5.06,65,0,3.13,RU,1696973649
415,Manismata,-2.4667,111.0333,22.43,95,91,1.14,ID,1696973649
416,Carolina,18.3808,-65.9574,31.32,67,20,6.69,PR,1696973619
417,Eraan,9.0629,117.7016,25.54,86,91,0.6,PH,1696973650
418,Forbes,-33.3833,148.0167,16.49,39,0,2.32,AU,1696973650
419,Cabedelo,-6.9811,-34.8339,26.37,82,77,3.81,BR,1696973406
420,Neryungri,56.6709,124.6491,2.91,80,100,3.31,RU,1696973651
421,Haiku-Pauwela,20.9219,-156.3051,28.01,58,40,8.75,US,1696973651
422,Chonchi,-42.6128,-73.8092,11.18,58,48,3.44,CL,1696973651
423,Al Bardīyah,31.7561,25.0865,22.55,68,12,3.18,LY,1696973651
424,Burang,30.25,81.1667,1.38,70,12,0.83,CN,1696973652
425,Howrah,22.5892,88.3103,29.0,84,40,0.0,IN,1696973652
426,Kupang,-10.1667,123.5833,23.32,83,20,1.03,ID,1696973653
427,Tomé Açu,-2.4189,-48.1522,31.62,47,94,3.0,BR,1696973653
428,Zhetikara,52.1908,61.2006,3.82,83,51,6.1,KZ,1696973653
429,Cologne,50.9333,6.95,21.05,72,0,3.6,DE,1696973549
430,Autazes,-3.5797,-59.1306,33.61,37,86,1.87,BR,1696973654
431,Åkarp,58.2333,13.65,12.84,89,100,7.02,SE,1696973654
432,Ylitornio,66.3089,23.6773,1.17,98,100,3.95,FI,1696973654
433,Kankakee,41.15,-87.8667,18.36,37,0,4.12,US,1696973655
434,Charters Towers,-20.1,146.2667,22.02,57,25,5.32,AU,1696973655
435,Vilyuysk,63.7553,121.6247,6.77,91,100,4.47,RU,1696973655
436,Port-Gentil,-0.7193,8.7815,25.72,87,100,4.36,GA,1696973656
437,Kingston,17.997,-76.7936,32.89,68,20,8.75,JM,1696973162
438,Broome,42.2506,-75.833,14.22,63,40,3.09,US,1696973656
439,Buritis,-15.6178,-46.4233,31.47,38,93,0.01,BR,1696973656
440,Kabalo,-6.05,26.9167,23.22,86,98,3.98,CD,1696973657
441,Salem,11.65,78.1667,23.93,91,100,1.09,IN,1696973657
442,El Calafate,-50.3408,-72.2768,3.89,67,33,4.83,AR,1696973657
443,Mananjary,-21.2167,48.3333,21.21,87,94,4.7,MG,1696973658
444,Sarkand,45.41,79.9186,15.47,21,0,3.37,KZ,1696973658
445,Mili,6.0815,171.735,28.74,76,100,2.66,MH,1696973658
446,Schast'ye,48.7396,39.2323,4.98,73,74,4.18,UA,1696973658
447,Puerto Santa,-8.9906,-78.6456,19.74,83,48,4.24,PE,1696973659
448,Angoche,-16.2325,39.9086,23.95,83,9,1.46,MZ,1696973659
449,Morehead City,34.7229,-76.726,26.01,61,0,6.69,US,1696973659
450,Vang Vieng,18.9333,102.45,21.19,97,25,0.95,LA,1696973660
451,Ad Dawādimī,24.5077,44.3924,25.64,16,0,5.37,SA,1696973660
452,Undurkhaan,47.3194,110.6556,4.34,71,1,1.74,MN,1696973660
453,Port-Cartier,50.0334,-66.8654,11.12,90,88,0.91,CA,1696973661
454,Cannonvale,-20.2833,148.7,22.66,71,41,6.3,AU,1696973661
455,Tamanghasset,22.785,5.5228,24.95,19,40,2.57,DZ,1696973416
456,Kloulklubed,7.0419,134.2556,25.28,81,100,10.87,PW,1696973661
457,Cullinan,-25.6709,28.5236,19.29,44,98,2.37,ZA,1696973662
458,Qarqaraly,49.4058,75.4742,11.55,53,100,4.21,KZ,1696973662
459,Haapsalu,58.9431,23.5414,10.51,87,100,8.71,EE,1696973662
460,Fort McMurray,56.7268,-111.381,19.77,45,0,7.72,CA,1696973663
461,Uyar,55.81,94.3153,11.25,76,46,1.63,RU,1696973663
462,Ambon City,-3.6954,128.1814,25.49,95,20,2.57,ID,1696973664
463,Owerri,5.4833,7.0304,24.34,95,91,1.76,NG,1696973665
464,Lázaro Cárdenas,17.9583,-102.2,24.62,94,100,1.64,MX,1696973644
465,Khandyga,62.6667,135.6,-2.3,98,100,0.04,RU,1696973665
466,Afaahiti,-17.75,-149.2833,27.93,86,84,4.82,PF,1696973666
467,Penzance,50.1186,-5.5371,15.38,93,81,6.34,GB,1696973549
468,Inawashiro,37.5667,140.1167,10.42,87,99,2.72,JP,1696973666
469,Geraldton,-28.7667,114.6,10.23,76,0,4.12,AU,1696973667
470,Lemvig,56.5486,8.3102,16.22,92,100,10.32,DK,1696973667
471,Kouroussa,10.65,-9.8833,23.12,92,98,1.3,GN,1696973667
472,Burley,42.5357,-113.7928,18.44,42,40,3.6,US,1696973466
473,Koné,-21.0595,164.8658,24.34,59,73,1.66,NC,1696973668
474,Maintirano,-18.0667,44.0167,25.09,81,37,2.62,MG,1696973668
475,São João da Barra,-21.6403,-41.0511,24.05,83,100,3.6,BR,1696973669
476,Uruobo-Okija,5.9002,6.8431,24.3,95,55,1.64,NG,1696973669
477,Revda,56.801,59.9303,1.27,96,99,2.31,RU,1696973669
478,Ondjiva,-17.0667,15.7333,22.44,66,87,3.99,AO,1696973669
479,Isola di Capo Rizzuto,38.96,17.0933,21.77,57,6,2.53,IT,1696973670
480,Al Ḩasakah,36.5024,40.7477,23.82,53,100,2.14,SY,1696973670
481,Pedernales,18.0384,-71.744,30.22,69,14,3.75,DO,1696973670
482,Vila Franca do Campo,37.7167,-25.4333,22.23,99,88,6.19,PT,1696973671
483,Guerrero Negro,27.9769,-114.0611,23.15,66,3,10.07,MX,1696973671
484,Keelung,25.1283,121.7419,22.94,83,100,6.07,TW,1696973671
485,Basoko,1.2391,23.616,20.26,97,99,1.3,CD,1696973672
486,Okakarara,-20.5833,17.4333,22.52,21,78,4.45,NA,1696973672
487,Fortuna,40.5982,-124.1573,16.1,94,75,5.14,US,1696973672
488,Cockburn Town,21.4612,-71.1419,29.36,76,95,6.03,TC,1696973673
489,Maracaibo,10.6317,-71.6406,33.22,56,44,3.94,VE,1696973377
490,Viedma,-40.8135,-62.9967,9.37,61,100,8.34,AR,1696973673
491,Gamba,-2.65,10.0,24.61,91,99,3.01,GA,1696973674
492,Yanacancha,-10.2411,-76.6456,9.87,62,96,3.43,PE,1696973674
493,Uusikaupunki,60.8004,21.4084,10.35,81,100,9.68,FI,1696973558
494,Cefalù,38.0386,14.0229,23.66,68,2,1.34,IT,1696973675
495,Fasa,28.9383,53.6482,15.58,29,0,2.06,IR,1696973675
496,Kumul,42.8,93.45,16.27,18,92,3.12,CN,1696973675
497,Phan Rang-Thap Cham,11.5667,108.9833,24.44,90,18,2.14,VN,1696973676
498,Gubkinskiy,64.434,76.5026,3.06,85,98,9.46,RU,1696973676
499,Ozyory,54.86,38.5506,2.78,90,92,4.47,RU,1696973676
500,Abdulino,53.7,53.6667,2.69,97,100,5.76,RU,1696973676
501,Chukhloma,58.7525,42.6825,2.83,96,100,4.47,RU,1696973677
502,Egilsstadir,65.2653,-14.3948,3.95,81,100,5.66,IS,1696973677
503,Chadan,51.2833,91.5833,7.02,67,9,0.98,RU,1696973677
504,Añatuya,-28.4606,-62.8347,35.45,20,1,5.12,AR,1696973511
505,Fort St. John,56.2499,-120.8529,14.94,55,100,1.03,CA,1696973678
506,Tomatlán,19.9333,-105.25,22.15,94,100,10.77,MX,1696973678
507,Villa Gesell,-37.2639,-56.973,14.15,91,100,2.79,AR,1696973679
508,Makurdi,7.7411,8.5121,25.66,83,25,2.14,NG,1696973679
509,Ujae,8.9322,165.7642,28.59,80,40,6.36,MH,1696973679
510,Mariehamn,60.0973,19.9348,9.92,87,75,8.23,AX,1696973680
511,Castanhal,-1.2939,-47.9264,28.5,64,67,3.84,BR,1696973536
512,Belmonte,-15.8631,-38.8828,23.96,85,21,3.85,BR,1696973680
513,Bahraich,27.5833,81.6,24.93,69,0,0.53,IN,1696973680
514,Truro,50.2653,-5.0544,15.6,100,75,3.6,GB,1696973681
515,São José da Coroa Grande,-8.8978,-35.1478,25.15,78,72,3.32,BR,1696973681
516,Kangding,30.0513,101.9603,8.02,95,78,1.48,CN,1696973681
517,Rundu,-17.9333,19.7667,24.97,48,99,2.65,NA,1696973681
518,Udachny,66.4167,112.4,6.92,86,100,10.75,RU,1696973682
519,Mejit,10.2753,170.8646,27.87,73,71,6.19,MH,1696973682
520,North Battleford,52.7834,-108.2847,21.34,40,0,9.26,CA,1696973581
521,Sosnovka,56.255,51.2842,3.07,97,100,1.9,RU,1696973683
522,Luanda,-8.8368,13.2343,25.0,78,40,2.57,AO,1696973436
523,Klaksvík,62.2266,-6.589,8.51,67,74,12.69,FO,1696973683
524,Harstad,68.799,16.5293,3.66,83,100,12.52,NO,1696973683
525,Nova Viçosa,-17.8919,-39.3719,23.7,84,20,2.42,BR,1696973407
526,Taro,-8.3862,115.28,20.0,87,43,0.59,ID,1696973684
527,El Alto,-4.2714,-81.2147,24.81,80,95,5.8,PE,1696973684
528,Igarka,67.4667,86.5833,2.87,81,100,8.34,RU,1696973684
529,Aydıncık,36.1437,33.3202,23.9,55,0,3.41,TR,1696973685
530,Dubbo,-32.25,148.6167,14.07,72,4,4.12,AU,1696973475
531,Masterton,-40.9597,175.6575,13.82,95,96,1.31,NZ,1696973685
532,Coronel Dorrego,-38.7187,-61.2873,10.44,70,54,8.17,AR,1696973686
533,Santiago de Cao,-7.9589,-79.2392,19.07,82,20,6.17,PE,1696973686
534,Altai,46.3722,96.2583,3.6,59,33,0.88,MN,1696973687
535,Xiaoweizhai,26.1903,107.5125,13.49,90,100,1.48,CN,1696973687
536,Xining,36.6167,101.7667,7.0,87,100,0.34,CN,1696973398
537,Talcahuano,-36.7167,-73.1167,14.82,51,20,8.75,CL,1696973689
538,Saerbeck,52.1833,7.6333,18.55,71,0,4.12,DE,1696973689
539,Kristiansund,63.1115,7.732,12.03,87,100,13.38,NO,1696973690
540,Yeonil,35.9942,129.345,14.81,71,0,2.23,KR,1696973690
541,Rémire-Montjoly,4.9167,-52.2667,29.02,74,0,3.09,GF,1696973690
542,Katsina,12.9894,7.6006,30.02,28,42,3.4,NG,1696973690
543,Salgueiro,-8.0742,-39.1192,30.66,23,0,5.4,BR,1696973691
544,Sovetskaya Gavan',48.9723,140.2878,3.95,67,0,2.54,RU,1696973691
545,Pacific Grove,36.6177,-121.9166,24.02,70,0,4.12,US,1696973516
546,Malmesbury,-33.4608,18.7271,13.75,73,0,1.32,ZA,1696973692
547,Nekā,36.6508,53.299,18.48,87,76,0.8,IR,1696973692
548,Brighton,50.8284,-0.1395,16.53,86,95,4.47,GB,1696973640
549,Nowshahr,36.649,51.496,20.97,94,75,0.0,IR,1696973692
550,Shiyan,32.6475,110.7781,14.24,93,10,0.49,CN,1696973693
551,Bridgewater,44.3835,-64.5155,15.82,59,14,5.14,CA,1696973582
552,Ramadi,33.4226,43.3058,27.95,32,98,4.06,IQ,1696973693
553,Nishinoomote,30.7333,131.0,22.77,63,96,10.11,JP,1696973694
554,Saint-François,46.4154,3.9054,13.69,94,0,1.03,FR,1696973694
555,Archangelos,36.2149,28.1149,23.99,58,0,3.61,GR,1696973694
556,Slantsy,59.1182,28.0914,4.22,83,99,4.53,RU,1696973695
557,Samcheok,37.4406,129.1708,14.81,73,34,2.41,KR,1696973695
558,Kouango,4.9934,19.9619,21.62,97,77,0.26,CF,1696973695
559,Strezhevoy,60.7333,77.5889,3.31,91,5,3.13,RU,1696973696
560,Osh,40.5151,72.8083,16.36,42,100,4.0,KG,1696973489
561,Oppdal,62.5943,9.6912,4.4,94,100,6.28,NO,1696973696
562,Pandan,14.0453,124.1694,27.21,86,97,2.53,PH,1696973697
563,Villa Yapacaní,-17.4,-63.8333,35.71,29,6,4.31,BO,1696973697
564,Praia,14.9215,-23.5087,28.3,78,20,2.06,CV,1696973697
565,Fort Bragg,35.139,-79.006,27.08,39,0,6.69,US,1696973697
566,Argos,37.6333,22.7333,22.66,68,11,0.88,GR,1696973698
567,Pagar Alam,-4.0167,103.2667,19.88,94,32,0.69,ID,1696973698
568,Asău,46.4333,26.4,1.51,80,7,1.18,RO,1696973698
569,Al Lagowa,11.4,29.1333,28.27,50,94,2.46,SD,1696973699
570,Isla Cristina,37.2,-7.3167,23.49,67,13,2.48,ES,1696973699
571,Three Points,32.0767,-111.3137,34.79,13,0,4.63,US,1696973699
572,Narrabri,-30.3167,149.7833,21.17,38,0,2.63,AU,1696973699
573,Greymouth,-42.4667,171.2,9.94,77,73,4.82,NZ,1696973700
574,Zermatt,46.0213,7.7491,13.43,54,74,0.96,CH,1696973700
575,West End,26.6833,-78.9667,28.99,75,100,2.82,BS,1696973700
576,Celestún,20.8667,-90.4,29.01,78,73,3.34,MX,1696973701
577,Sinop Province,41.7711,34.8709,10.29,85,70,0.82,TR,1696973701
578,Uturoa,-16.7333,-151.4333,26.39,79,67,4.2,PF,1696973701
579,Tutóia,-2.7619,-42.2744,26.29,83,0,6.4,BR,1696973702
580,Katsuren-haebaru,26.3369,127.8719,27.43,77,40,4.12,JP,1696973702
581,Vallenar,-28.5708,-70.7581,24.24,31,0,2.24,CL,1696973702
582,Santana do Matos,-5.9575,-36.6556,27.4,54,77,9.56,BR,1696973703
583,Umba,66.6871,34.3429,0.22,72,11,2.68,RU,1696973703
584,Ta`ū,-14.2336,-169.5144,26.63,81,85,9.23,AS,1696973703
585,Clarksdale,34.2001,-90.5709,28.99,39,49,3.6,US,1696973704
